;antecedents;consequents;antecedent support;consequent support;support;confidence;lift;leverage;conviction;zhangs_metric;antecedents_length;consequents_length
4;frozenset({'Organic Fuji Apple'});frozenset({'Banana'});0.041341063776153264;0.22087219561381397;0.01537685908747164;0.3719512195121951;1.6840110566136477;0.0062457675622219575;1.2405530089255776;0.42369570184022104;1;1
3;frozenset({'Honeycrisp Apple'});frozenset({'Banana'});0.038820267204436605;0.22087219561381397;0.013461053692966978;0.34675324675324676;1.5699271055354143;0.004886736041208128;1.1927006150643404;0.377689768198878;1;1
2;frozenset({'Cucumber Kirby'});frozenset({'Banana'});0.045878497605243256;0.22087219561381397;0.015628938744643307;0.34065934065934067;1.5423369143980876;0.005495654247110123;1.1816771699857154;0.3685413559466485;1;1
0;frozenset({'Organic Large Extra Fancy Fuji Apple'});frozenset({'Bag of Organic Bananas'});0.03458532896395261;0.1777161583060247;0.011746912024199647;0.3396501457725947;1.911194508198416;0.005600540226975904;1.2452245373114061;0.49384687554141155;1;1
5;frozenset({'Seedless Red Grapes'});frozenset({'Banana'});0.03715654146710361;0.22087219561381397;0.011494832367027981;0.3093622795115332;1.4006393093155127;0.0032879854717730826;1.128128078256619;0.29707873332929136;1;1
1;frozenset({'Organic Raspberries'});frozenset({'Bag of Organic Bananas'});0.06468364003024955;0.1777161583060247;0.0195613813965213;0.30241621200311775;1.701681011370735;0.008066053385095556;1.1787599652439893;0.4408623795806049;1;1
